code,title,office,domain,verdict,reason
04.01.11,שירותים מרכזיים,משרד ראש הממשלה,תחום פעולה כללי,ambiguous,"כותרת גנרית, עשויה לכלול הוצאות רלוונטיות."
04.01.12,המינהלה לפרוייקטים,משרד ראש הממשלה,תחום פעולה כללי,ambiguous,"כותרת גנרית, עשויה לכלול הוצאות רלוונטיות."
04.01.13,ועדת וינוגרד,משרד ראש הממשלה,תחום פעולה כללי,drop,"ועדה היסטורית, לא קשורה לבינה מלאכותית."
04.01.14,מנהלת השירות האזרחי,משרד ראש הממשלה,תחום פעולה כללי,drop,"עוסק בשירות אזרחי, לא בבינה מלאכותית."
04.01.15,מנהלת השיחות עם,משרד ראש הממשלה,תחום פעולה כללי,drop,"עוסק בשיחות, לא בבינה מלאכותית."
04.01.16,מטה הסברה לאומי,משרד ראש הממשלה,תחום פעולה כללי,drop,"עוסק בהסברה, לא בבינה מלאכותית."
04.01.17,העצמת תשתיות מורשת,משרד ראש הממשלה,תחום פעולה כללי,drop,"עוסק במורשת, לא בבינה מלאכותית."
04.01.18,ועדת טירקל,משרד ראש הממשלה,תחום פעולה כללי,drop,"ועדה היסטורית, לא קשורה לבינה מלאכותית."
04.01.19,אמרכלות,משרד ראש הממשלה,תחום פעולה כללי,ambiguous,"כותרת גנרית, עשויה לכלול הוצאות רלוונטיות."
04.01.20,מערך הגיור,משרד ראש הממשלה,תחום פעולה כללי,drop,"עוסק בגיור, לא בבינה מלאכותית."
04.01.21,הוועדה הבינמשרדית,משרד ראש הממשלה,תחום פעולה כללי,ambiguous,"כותרת גנרית, עשויה לכלול הוצאות רלוונטיות."
04.01.22,מטה קיברנטי לאומי,משרד ראש הממשלה,תחום פעולה כללי,keep,סייבר לאומי קשור לבינה מלאכותית.
04.01.31,ארכיון המדינה,משרד ראש הממשלה,תחום פעולה כללי,drop,"עוסק בארכיון המדינה, לא בבינה מלאכותית."
04.01.32,הנצחת נשיאים וראשי,משרד ראש הממשלה,תחום פעולה כללי,drop,"עוסק בהנצחה, לא בבינה מלאכותית."
04.01.39,אמרכלות ארכיון המדינה,משרד ראש הממשלה,תחום פעולה כללי,drop,"עוסק בארכיון המדינה, לא בבינה מלאכותית."
04.01.43,מינהלת מפוני סיני,משרד ראש הממשלה,תחום פעולה כללי,drop,"עוסק במפוני סיני, לא בבינה מלאכותית."
04.01.61,מחקרים שונים,משרד ראש הממשלה,תחום פעולה כללי,ambiguous,"כותרת גנרית, עשויה לכלול מחקרי AI."
04.01.62,השתתפות האפוטרופוס כללי,משרד ראש הממשלה,תחום פעולה כללי,drop,"עוסק באפוטרופוס כללי, לא בבינה מלאכותית."
04.01.63,מפעלים חינוכיים,משרד ראש הממשלה,תחום פעולה כללי,ambiguous,"כותרת גנרית, עשויה לכלול הוצאות רלוונטיות."
04.01.64,השתתפות אפוטרופוס,משרד ראש הממשלה,תחום פעולה כללי,drop,"עוסק באפוטרופוס, לא בבינה מלאכותית."
04.01.70,השתתפות אפוטרופוס,משרד ראש הממשלה,תחום פעולה כללי,drop,"עוסק באפוטרופוס, לא בבינה מלאכותית."
04.01.71,מרכז בגין,משרד ראש הממשלה,תחום פעולה כללי,drop,"מרכז הנצחה, לא קשור לבינה מלאכותית."
04.01.72,מרכז רבין,משרד ראש הממשלה,תחום פעולה כללי,drop,"מרכז הנצחה, לא קשור לבינה מלאכותית."
04.01.73,מרכז הסברה,משרד ראש הממשלה,תחום פעולה כללי,drop,"עוסק בהסברה, לא בבינה מלאכותית."
04.01.74,יד לוי אשכול,משרד ראש הממשלה,תחום פעולה כללי,drop,"מרכז הנצחה, לא קשור לבינה מלאכותית."
04.01.75,היכל הגבורה ים-עכו,משרד ראש הממשלה,תחום פעולה כללי,drop,"אתר הנצחה, לא קשור לבינה מלאכותית."
04.01.76,חלקת גדולי האומה,משרד ראש הממשלה,תחום פעולה כללי,drop,"אתר הנצחה, לא קשור לבינה מלאכותית."
04.01.77,אתר הנצחה גולני,משרד ראש הממשלה,תחום פעולה כללי,drop,"אתר הנצחה, לא קשור לבינה מלאכותית."
04.01.78,הרשות למלחמה בסמים,משרד ראש הממשלה,תחום פעולה כללי,drop,"עוסק במלחמה בסמים, לא בבינה מלאכותית."
04.01.79,"תכנית בש""ן",משרד ראש הממשלה,תחום פעולה כללי,ambiguous,"כותרת לא ברורה, עשויה לכלול הוצאות רלוונטיות."
04.01.80,מורשת משה שרת,משרד  ראש הממשלה,תחום פעולה כללי,drop,"עוסק במורשת, לא בבינה מלאכותית."
04.01.81,אפוטרופוס כללי,משרד ראש הממשלה,תחום פעולה כללי,drop,"עוסק באפוטרופוס כללי, לא בבינה מלאכותית."
04.01.82,מרכז תרבות עמים לנוער,משרד ראש הממשלה,תחום פעולה כללי,drop,"עוסק בתרבות ונוער, לא בבינה מלאכותית."
04.01.83,מכון העם והמדינה,משרד ראש הממשלה,תחום פעולה כללי,ambiguous,"כותרת לא ברורה, עשויה לכלול הוצאות רלוונטיות."
04.01.84,מוזיאון בית השומר,משרד ראש הממשלה,תחום פעולה כללי,drop,"מוזיאון ספציפי, לא קשור לבינה מלאכותית."
04.01.85,נתיב - הוראת עברית,משרד ראש הממשלה,תחום פעולה כללי,drop,"עוסק בהוראת עברית, לא בבינה מלאכותית."
04.01.86,שמש לאחוה ודו-קיום,משרד ראש הממשלה,תחום פעולה כללי,drop,"עוסק בדו-קיום, לא בבינה מלאכותית."
04.01.87,מעקב אחר אנטישמיות,משרד ראש הממשלה,תחום פעולה כללי,drop,"עוסק במעקב אנטישמיות, לא בבינה מלאכותית."
04.01.88,מרכז שזר,משרד ראש הממשלה,תחום פעולה כללי,drop,"מרכז הנצחה, לא קשור לבינה מלאכותית."
04.01.89,בית מדרש ללימודי יהדות,משרד ראש הממשלה,תחום פעולה כללי,drop,"עוסק בלימודי יהדות, לא בבינה מלאכותית."
04.01.90,פעולות בעקבות המצב,משרד ראש הממשלה,תחום פעולה כללי,ambiguous,"כותרת גנרית, עשויה לכלול הוצאות רלוונטיות."
04.01.91,יד יצחק בן צבי,משרד ראש הממשלה,תחום פעולה כללי,drop,"מכון מחקר/הנצחה, לא קשור לבינה מלאכותית."
04.01.92,משרד ראש הממשלה -,משרד ראש הממשלה,תחום פעולה כללי,ambiguous,"כותרת גנרית וקטומה, עשויה לכלול הוצאות רלוונטיות."
04.01.93,יד טבנקין,משרד ראש הממשלה,תחום פעולה כללי,drop,"מכון מחקר/הנצחה, לא קשור לבינה מלאכותית."
04.01.94,קרן מנחם בדר,משרד ראש הממשלה,תחום פעולה כללי,ambiguous,"כותרת לא ברורה, עשויה לכלול הוצאות רלוונטיות."
04.01.95,מסדר לוחמי ירושלים,משרד ראש הממשלה,תחום פעולה כללי,drop,"ארגון ספציפי, לא קשור לבינה מלאכותית."
04.01.96,אגודת דור הפלמח,משרד ראש הממשלה,תחום פעולה כללי,drop,"ארגון ספציפי, לא קשור לבינה מלאכותית."
04.01.97,רעות קרן עזרה,משרד ראש הממשלה,תחום פעולה כללי,ambiguous,"כותרת לא ברורה, עשויה לכלול הוצאות רלוונטיות."
04.01.98,סיוע נפגעות תקיפה מינית,משרד ראש הממשלה,תחום פעולה כללי,drop,"עוסק בסיוע סוציאלי, לא בבינה מלאכותית."
04.01.99,"בית מוריה ""זה""ב",משרד ראש הממשלה,תחום פעולה כללי,ambiguous,"כותרת לא ברורה, עשויה לכלול הוצאות רלוונטיות."
04.02.11,לשכת ראש הממשלה,משרד ראש הממשלה,ראשות הממשלה,ambiguous,"כותרת גנרית, עשויה לכלול הוצאות רלוונטיות."
04.02.12,מזכירות הממשלה,משרד ראש הממשלה,ראשות הממשלה,ambiguous,"כותרת גנרית, עשויה לכלול הוצאות רלוונטיות."
04.02.13,הועדה לבחינת חוק בנק,משרד ראש הממשלה,ראשות הממשלה,drop,"עוסק בחוק בנק, לא בבינה מלאכותית."
04.02.14,יעוץ לראש הממשלה,משרד ראש הממשלה,ראשות הממשלה,ambiguous,"כותרת גנרית, עשויה לכלול הוצאות רלוונטיות."
04.02.15,לשכת ראש הממשלה לשעבר,משרד ראש הממשלה,ראשות הממשלה,drop,"עוסק בלשכת ראש ממשלה לשעבר, לא בבינה מלאכותית."
04.02.16,לשכת ראש הממשלה לשעבר -,משרד ראש הממשלה,ראשות הממשלה,drop,"עוסק בלשכת ראש ממשלה לשעבר, לא בבינה מלאכותית."
04.02.17,לשכת ראש הממשלה לשעבר,משרד ראש הממשלה,ראשות הממשלה,drop,"עוסק בלשכת ראש ממשלה לשעבר, לא בבינה מלאכותית."
04.02.18,לשכת ראש הממשלה לשעבר,משרד ראש הממשלה,ראשות הממשלה,drop,"עוסק בלשכת ראש ממשלה לשעבר, לא בבינה מלאכותית."
04.02.19,אמרכלות ראשות הממשלה,משרד ראש הממשלה,ראשות הממשלה,ambiguous,"כותרת גנרית, עשויה לכלול הוצאות רלוונטיות."
04.02.20,צוות בטחון לאומי,משרד ראש הממשלה,ראשות הממשלה,ambiguous,ביטחון לאומי עשוי לכלול שימוש בבינה מלאכותית.
04.02.21,הרשות לקידום מעמד האשה,משרד ראש הממשלה,ראשות הממשלה,drop,"עוסק במעמד האישה, לא בבינה מלאכותית."
04.02.23,לשכת השר חיים רמון,משרד ראש הממשלה,ראשות הממשלה,drop,"לשכת שר ספציפי, לא קשור לבינה מלאכותית."
04.02.24,לשכת השר מיכאל מלכיאור,משרד ראש הממשלה,ראשות הממשלה,drop,"לשכת שר ספציפי, לא קשור לבינה מלאכותית."
04.02.25,חטיבת חברה,משרד ראש הממשלה,ראשות הממשלה,ambiguous,"כותרת גנרית, עשויה לכלול הוצאות רלוונטיות."
04.02.26,חטיבת תפוצות,משרד ראש הממשלה,ראשות הממשלה,drop,"עוסק בתפוצות, לא בבינה מלאכותית."
04.02.28,פרוייקטים לעידוד,משרד ראש הממשלה,ראשות הממשלה,ambiguous,"כותרת גנרית וקטומה, עשויה לכלול הוצאות רלוונטיות."
04.02.30,המטה ללוחמה בטרור,משרד ראש הממשלה,ראשות הממשלה,ambiguous,לוחמה בטרור עשויה לכלול שימוש בבינה מלאכותית.
04.02.31,נציב קבילות הסיענים,משרד ראש הממשלה,ראשות הממשלה,drop,"עוסק בקבילות סיעוד, לא בבינה מלאכותית."
04.02.32,המועצה לביטחון לאומי,משרד ראש הממשלה,ראשות הממשלה,ambiguous,ביטחון לאומי עשוי לכלול שימוש בבינה מלאכותית.
04.02.35,"יעוץ לרוה""מ מעוטים",משרד ראש הממשלה,ראשות הממשלה,drop,"עוסק בייעוץ למיעוטים, לא בבינה מלאכותית."
04.02.38,"יועץ רוה""מ לענייני",משרד ראש הממשלה,ראשות הממשלה,ambiguous,"כותרת גנרית וקטומה, עשויה לכלול הוצאות רלוונטיות."
04.02.42,פעולות הסברה ושיחות,משרד ראש הממשלה,ראשות הממשלה,drop,"עוסק בהסברה ושיחות, לא בבינה מלאכותית."
04.02.43,מינהלת שיחות שלום,משרד ראש הממשלה,ראשות הממשלה,drop,"עוסק בשיחות שלום, לא בבינה מלאכותית."
04.02.44,לשכת השר הרב עמיטל,משרד ראש הממשלה,ראשות הממשלה,drop,"לשכת שר ספציפי, לא קשור לבינה מלאכותית."
04.02.45,לשכת גב' רבין,משרד ראש הממשלה,ראשות הממשלה,drop,"לשכה ספציפית, לא קשורה לבינה מלאכותית."
04.02.46,חגיגות שנת ה-50,משרד ראש הממשלה,ראשות הממשלה,drop,"עוסק בחגיגות, לא בבינה מלאכותית."
04.02.47,מחשב לכל ילד,משרד ראש הממשלה,ראשות הממשלה,drop,"עוסק במחשוב לילדים, לא בבינה מלאכותית."
04.02.48,אגף הפיקוח הכללי,משרד ראש הממשלה,ראשות הממשלה,ambiguous,"כותרת גנרית, עשויה לכלול הוצאות רלוונטיות."
04.02.49,לשכת שר בלי תיק -,משרד ראש הממשלה,ראשות הממשלה,ambiguous,"כותרת גנרית וקטומה, עשויה לכלול הוצאות רלוונטיות."
04.02.50,הידוק הקשרים עם התפוצות,משרד ראש הממשלה,ראשות הממשלה,drop,"עוסק בקשרי תפוצות, לא בבינה מלאכותית."
04.02.51,מטה הרפורמה בשירות,משרד ראש הממשלה,ראשות הממשלה,drop,"עוסק ברפורמה בשירות, לא בבינה מלאכותית."
04.02.52,המועצה להנצחה,משרד ראש הממשלה,ראשות הממשלה,drop,"עוסק בהנצחה, לא בבינה מלאכותית."
04.02.53,תמיכות בארגוני הנצחה,משרד ראש הממשלה,ראשות הממשלה,drop,"עוסק בהנצחה, לא בבינה מלאכותית."
04.02.54,ייעוץ ממשרד הקליטה,משרד  ראש הממשלה,ראשות הממשלה,drop,"עוסק בייעוץ קליטה, לא בבינה מלאכותית."
04.02.60,לשכת ראש הממשלה לשעבר,משרד ראש הממשלה,ראשות הממשלה,drop,"עוסק בלשכת ראש ממשלה לשעבר, לא בבינה מלאכותית."
04.02.61,לשכת שר בלי תיק דני,משרד ראש הממשלה,ראשות הממשלה,drop,"לשכת שר ספציפי, לא קשור לבינה מלאכותית."
04.02.62,לשכת שר בלי תיק רענן,משרד ראש הממשלה,ראשות הממשלה,drop,"לשכת שר ספציפי, לא קשור לבינה מלאכותית."
04.02.63,לשכת שר בלי תיק - אלי,משרד ראש הממשלה,ראשות הממשלה,drop,"לשכת שר ספציפי, לא קשור לבינה מלאכותית."
04.02.64,לשכת שר בלי תיק - שמואל,משרד ראש הממשלה,ראשות הממשלה,drop,"לשכת שר ספציפי, לא קשור לבינה מלאכותית."
04.02.65,לשכת השר לענייני ערבים,משרד ראש הממשלה,ראשות הממשלה,drop,"לשכת שר ספציפי, לא קשור לבינה מלאכותית."
04.02.66,לשכת סגן שר בלי תיק -,משרד ראש הממשלה,ראשות הממשלה,ambiguous,"כותרת גנרית וקטומה, עשויה לכלול הוצאות רלוונטיות."
04.02.67,לשכת שר בלי תיק - דן,משרד ראש הממשלה,ראשות הממשלה,drop,"לשכת שר ספציפי, לא קשור לבינה מלאכותית."
04.02.68,המטה להסדרת התיישבות,משרד ראש הממשלה,ראשות הממשלה,drop,"עוסק בהסדרת התיישבות, לא בבינה מלאכותית."
04.02.69,תוכנית פיתוח ישובי,משרד ראש הממשלה,ראשות הממשלה,drop,"עוסק בפיתוח יישובים, לא בבינה מלאכותית."
04.02.70,הרשות לפיתוח כלכלי של,משרד ראש הממשלה,ראשות הממשלה,ambiguous,"כותרת גנרית וקטומה, עשויה לכלול הוצאות רלוונטיות."
04.02.71,לשכת השר אבישי ברוורמן,משרד ראש הממשלה,ראשות הממשלה,drop,"לשכת שר ספציפי, לא קשור לבינה מלאכותית."
04.02.72,לשכת השר יעקב מרג'י,משרד ראש הממשלה,ראשות הממשלה,drop,"לשכת שר ספציפי, לא קשור לבינה מלאכותית."
04.02.73,לשכת השר בני בגין,משרד ראש הממשלה,ראשות הממשלה,drop,"לשכת שר ספציפי, לא קשור לבינה מלאכותית."
04.02.74,לשכת סגן השר איוב קרא,משרד ראש הממשלה,ראשות הממשלה,drop,"לשכת סגן שר ספציפי, לא קשור לבינה מלאכותית."
04.02.75,לשכת השר יוסי פלד,משרד ראש הממשלה,ראשות הממשלה,drop,"לשכת שר ספציפי, לא קשור לבינה מלאכותית."
04.02.76,לשכת השרה גילה גמליאל,משרד ראש הממשלה,ראשות הממשלה,drop,"לשכת שרה ספציפית, לא קשורה לבינה מלאכותית."
04.02.77,משרד ההסברה והתפוצות,משרד ראש הממשלה,ראשות הממשלה,drop,"עוסק בהסברה ותפוצות, לא בבינה מלאכותית."
04.02.78,לשכת השר משולם נהרי,משרד ראש הממשלה,ראשות הממשלה,drop,"לשכת שר ספציפי, לא קשור לבינה מלאכותית."
04.02.79,לשכת השר מיכאל איתן,משרד ראש הממשלה,ראשות הממשלה,drop,"לשכת שר ספציפי, לא קשור לבינה מלאכותית."
04.02.80,לשכת השר לענייני,משרד ראש הממשלה,ראשות הממשלה,ambiguous,"כותרת גנרית וקטומה, עשויה לכלול הוצאות רלוונטיות."
04.02.81,המשרד לענייני גמלאים,משרד ראש הממשלה,ראשות הממשלה,drop,"עוסק בענייני גמלאים, לא בבינה מלאכותית."
04.02.82,המשרד לעניינים,משרד ראש הממשלה,ראשות הממשלה,ambiguous,"כותרת גנרית וקטומה, עשויה לכלול הוצאות רלוונטיות."
04.02.83,המשרד לענייני מודיעין,משרד ראש הממשלה,ראשות הממשלה,ambiguous,מודיעין עשוי לכלול שימוש בבינה מלאכותית.
04.02.84,יחידת שירות הלקוחות,משרד ראש הממשלה,ראשות הממשלה,drop,"עוסק בשירות לקוחות, לא בבינה מלאכותית."
04.02.85,הוועדה לבדיקת תחליפי,משרד ראש הממשלה,ראשות הממשלה,ambiguous,"כותרת גנרית וקטומה, עשויה לכלול הוצאות רלוונטיות."
04.04.01,רזרבה למשרד ראש הממשלה,משרד ראש הממשלה,רזרבה לסעיף ראש הממשלה,ambiguous,"כותרת גנרית, עשויה לכלול הוצאות רלוונטיות."
04.07.01,רזרבה להתיקרויות,משרד ראש הממשלה,רזרבה להתייקרויות,ambiguous,"כותרת גנרית, עשויה לכלול הוצאות רלוונטיות."
04.20.01,לשכת השר לשיתוף פעולה,משרד ראש הממשלה,השר לשיתוף פעולה,ambiguous,"כותרת גנרית, עשויה לכלול הוצאות רלוונטיות."
04.20.02,אמרכלות,משרד ראש הממשלה,השר לשיתוף פעולה,ambiguous,"כותרת גנרית, עשויה לכלול הוצאות רלוונטיות."
04.20.03,פעולות,משרד ראש הממשלה,השר לשיתוף פעולה,ambiguous,"כותרת גנרית, עשויה לכלול הוצאות רלוונטיות."
04.20.10,רזרבה להתייקרויות,משרד ראש הממשלה,השר לשיתוף פעולה,ambiguous,"כותרת גנרית, עשויה לכלול הוצאות רלוונטיות."
04.23.01,שכר,משרד ראש הממשלה,המשרד לשיתוף פעולה,ambiguous,"כותרת גנרית, עשויה לכלול הוצאות רלוונטיות."
04.23.02,שרותים מרכזיים,משרד ראש הממשלה,המשרד לשיתוף פעולה,ambiguous,"כותרת גנרית, עשויה לכלול הוצאות רלוונטיות."
04.23.03,רזרבה,משרד ראש הממשלה,המשרד לשיתוף פעולה,ambiguous,"כותרת גנרית, עשויה לכלול הוצאות רלוונטיות."
04.23.04,קידום שיתוף פעולה,משרד ראש הממשלה,המשרד לשיתוף פעולה,ambiguous,"כותרת גנרית, עשויה לכלול הוצאות רלוונטיות."
04.51.01,מטה המשרד,משרד ראש הממשלה,משרד ראשי,ambiguous,"כותרת גנרית, עשויה לכלול הוצאות רלוונטיות."
04.51.02,מרכז ההסברה,משרד ראש הממשלה,משרד ראשי,drop,"עוסק בהסברה, לא בבינה מלאכותית."
04.51.03,מערך הגיור,משרד ראש הממשלה,משרד ראשי,drop,"עוסק בגיור, לא בבינה מלאכותית."
04.51.04,תמיכות בארגוני הנצחה,משרד ראש הממשלה,משרד ראשי,drop,"עוסק בהנצחה, לא בבינה מלאכותית."
04.51.05,הרשות לקידום מעמד האשה,משרד ראש הממשלה,משרד ראשי,drop,"עוסק במעמד האישה, לא בבינה מלאכותית."
04.51.06,הרשות לפיתוח כלכלי של,משרד ראש הממשלה,משרד ראשי,ambiguous,"כותרת גנרית וקטומה, עשויה לכלול הוצאות רלוונטיות."
04.51.07,ארכיון המדינה,משרד ראש הממשלה,משרד ראשי,drop,"עוסק בארכיון המדינה, לא בבינה מלאכותית."
04.51.08,מערך הסייבר הלאומי,משרד ראש הממשלה,משרד ראשי,keep,סייבר לאומי קשור לבינה מלאכותית.
04.51.09,הוועדה הבינמשרדית,משרד ראש הממשלה,משרד ראשי,ambiguous,"כותרת גנרית, עשויה לכלול הוצאות רלוונטיות."
04.51.10,פרויקטים והחלטות ממשלה,משרד ראש הממשלה,משרד ראשי,ambiguous,"כותרת גנרית, עשויה לכלול הוצאות רלוונטיות."
04.51.11,לשכת העיתונות הממשלתית,משרד ראש הממשלה,משרד ראשי,drop,"עוסק בלשכת עיתונות, לא בבינה מלאכותית."
04.51.12,המטה להסדרת התיישבות,משרד ראש הממשלה,משרד ראשי,drop,"עוסק בהסדרת התיישבות, לא בבינה מלאכותית."
04.51.13,מרכז ההסברה,משרד ראש הממשלה,משרד ראשי,drop,"עוסק בהסברה, לא בבינה מלאכותית."
04.51.14,מטה ישראל דיגיטאלית,משרד ראש הממשלה,משרד ראשי,keep,ישראל דיגיטלית קשורה לבינה מלאכותית.
04.51.15,מטה התקשוב הממשלתי,משרד ראש הממשלה,משרד ראשי,keep,תקשוב ממשלתי קשור לבינה מלאכותית.
04.52.01,חברי הממשלה,משרד ראש הממשלה,משרדי ממשלה ולשכות שרים,ambiguous,"כותרת גנרית, עשויה לכלול הוצאות רלוונטיות."
04.52.02,המשרד לשוויון חברתי,משרד ראש הממשלה,משרדי ממשלה ולשכות שרים,drop,"עוסק בשוויון חברתי, לא בבינה מלאכותית."
04.52.03,משרד התפוצות,משרד ראש הממשלה,משרדי ממשלה ולשכות שרים,drop,"עוסק בתפוצות, לא בבינה מלאכותית."
04.52.04,המשרד לנושאים אסטרטגים,משרד ראש הממשלה,משרדי ממשלה ולשכות שרים,ambiguous,נושאים אסטרטגיים עשויים לכלול בינה מלאכותית.
04.52.05,המשרד למודיעין,משרד ראש הממשלה,משרדי ממשלה ולשכות שרים,ambiguous,מודיעין עשוי לכלול שימוש בבינה מלאכותית.
04.52.06,משרד ההסברה,משרד ראש הממשלה,משרדי ממשלה ולשכות שרים,drop,"עוסק בהסברה, לא בבינה מלאכותית."
04.52.07,לשכת השר יוסי פלד,משרד ראש הממשלה,משרדי ממשלה ולשכות שרים,drop,"לשכת שר ספציפי, לא קשור לבינה מלאכותית."
04.52.08,לשכת השר משולם נהרי,משרד ראש הממשלה,משרדי ממשלה ולשכות שרים,drop,"לשכת שר ספציפי, לא קשור לבינה מלאכותית."
04.52.09,לשכות שרים וסגני שרים,משרד ראש הממשלה,משרדי ממשלה ולשכות שרים,ambiguous,"כותרת גנרית, עשויה לכלול הוצאות רלוונטיות."
04.52.10,לשכת סגן השר איוב קרא,משרד ראש הממשלה,משרדי ממשלה ולשכות שרים,drop,"לשכת סגן שר ספציפי, לא קשור לבינה מלאכותית."
04.52.11,משרד ירושלים ומסורת,משרד ראש הממשלה,משרדי ממשלה ולשכות שרים,drop,"עוסק בירושלים ומורשת, לא בבינה מלאכותית."
04.52.12,משרד מורשת,משרד ראש הממשלה,משרדי ממשלה ולשכות שרים,drop,"עוסק במורשת, לא בבינה מלאכותית."
04.52.13,משרד ההתיישבות,משרד ראש הממשלה,משרדי ממשלה ולשכות שרים,drop,"עוסק בהתיישבות, לא בבינה מלאכותית."
04.52.14,המשרד לחיזוק וקידום,משרד ראש הממשלה,משרדי ממשלה ולשכות שרים,ambiguous,"כותרת גנרית וקטומה, עשויה לכלול הוצאות רלוונטיות."
04.52.15,מערך הדיגיטל הלאומי,משרד ראש הממשלה,משרדי ממשלה ולשכות שרים,keep,דיגיטל לאומי קשור לבינה מלאכותית.
04.52.16,"משרד רה""מ חליפי",משרד ראש הממשלה,משרדי ממשלה ולשכות שרים,ambiguous,"כותרת כללית, משרד רלוונטי"
04.52.17,מטה לבינה מלאכותית,משרד ראש הממשלה,משרדי ממשלה ולשכות שרים,keep,מטה ייעודי לבינה מלאכותית
04.52.20,לשכת ראש הממשלה לשעבר,משרד ראש הממשלה,משרדי ממשלה ולשכות שרים,ambiguous,"כותרת כללית, משרד רלוונטי"
04.52.21,לשכת ראש הממשלה לשעבר,משרד ראש הממשלה,משרדי ממשלה ולשכות שרים,ambiguous,"כותרת כללית, משרד רלוונטי"
04.52.22,לשכת ראש הממשלה לשעבר,משרד ראש הממשלה,משרדי ממשלה ולשכות שרים,ambiguous,"כותרת כללית, משרד רלוונטי"
04.56.01,שיתוף פעולה אזורי,משרד ראש הממשלה,המשרד לשיתוף פעולה,ambiguous,"כותרת כללית, משרד רלוונטי"
04.70.01,רזרבה לעמידה במגבלה,משרד ראש הממשלה,רזרבות,ambiguous,"רזרבה כללית, משרד רלוונטי"
04.99.99,חשבון מעבר,משרד ראש הממשלה,חשבון מעבר,ambiguous,חשבון מעבר כללי
05.01.01,משרד ראשי,משרד האוצר,תחום פעולה כללי,ambiguous,"כותרת כללית, משרד רלוונטי"
05.01.02,אמרכלות,משרד האוצר,תחום פעולה כללי,ambiguous,"כותרת כללית, משרד רלוונטי"
05.01.04,טפול בפצויים אישיים,משרד האוצר,תחום פעולה כללי,drop,פיצויים אישיים אינם קשורים לבינה מלאכותית
05.01.05,גמלאות,משרד האוצר,תחום פעולה כללי,drop,גמלאות אינן קשורות לבינה מלאכותית
05.01.11,אגף נכסי נפקדים,משרד האוצר,תחום פעולה כללי,drop,נכסי נפקדים אינם קשורים לבינה מלאכותית
05.01.12,לשכת סגן השר יצחק כהן,משרד האוצר,תחום פעולה כללי,drop,לשכת סגן שר אינה קשורה לבינה מלאכותית
05.01.14,יחידת שיפור השירות,משרד האוצר,תחום פעולה כללי,ambiguous,שיפור שירות יכול לכלול AI
05.02.01,אגף התקציבים,משרד האוצר,שירותי מטה ממשלתיים,ambiguous,"כותרת כללית, משרד רלוונטי"
05.02.04,אגף החשב הכללי,משרד האוצר,שירותי מטה ממשלתיים,ambiguous,"כותרת כללית, משרד רלוונטי"
05.02.05,פיקוח על בצוע תקציב,משרד האוצר,שירותי מטה ממשלתיים,ambiguous,"כותרת כללית, משרד רלוונטי"
05.02.06,ניהול הלוואות המדינה,משרד האוצר,שירותי מטה ממשלתיים,drop,ניהול הלוואות אינו קשור לבינה מלאכותית
05.02.07,רשות התקשוב הממשלתית,משרד האוצר,שירותי מטה ממשלתיים,ambiguous,רשות תקשוב ממשלתית עשויה לכלול AI
05.02.08,מנהל הדיור הממשלתי,משרד האוצר,שירותי מטה ממשלתיים,drop,דיור ממשלתי אינו קשור לבינה מלאכותית
05.02.09,פיקוח על המשק הממשלתי,משרד האוצר,שירותי מטה ממשלתיים,ambiguous,"כותרת כללית, משרד רלוונטי"
05.02.10,מערכות מידע ומיכון,משרד האוצר,שירותי מטה ממשלתיים,ambiguous,מערכות מידע ומיכון עשויות לכלול AI
05.02.11,"אמרכלות חשכ""ל",משרד האוצר,שירותי מטה ממשלתיים,ambiguous,"כותרת כללית, משרד רלוונטי"
05.02.12,"שירותים כלכליים בארה""ב",משרד האוצר,שירותי מטה ממשלתיים,drop,"שירותים כלכליים בארה""ב אינם קשורים לבינה מלאכותית"
05.02.13,ממשל זמין,משרד האוצר,שירותי מטה ממשלתיים,ambiguous,ממשל זמין עשוי לכלול AI
05.02.14,חברת ענבל,משרד האוצר,שירותי מטה ממשלתיים,ambiguous,"שם חברה ספציפי, לא ברור"
05.02.15,המשרד בוושינגטון,משרד האוצר,שירותי מטה ממשלתיים,drop,משרד בוושינגטון אינו קשור לבינה מלאכותית
05.02.16,ביקורת פנימית,משרד האוצר,שירותי מטה ממשלתיים,ambiguous,"כותרת כללית, משרד רלוונטי"
05.02.17,מנהל הרכש,משרד האוצר,שירותי מטה ממשלתיים,drop,מנהל רכש אינו קשור לבינה מלאכותית
05.02.18,רשות החברות הממשלתיות,משרד האוצר,שרותי מטה ממשלתיים,drop,רשות חברות ממשלתיות אינה קשורה לבינה מלאכותית
05.02.31,אגף שכר והסכמי עבודה,משרד האוצר,שירותי מטה ממשלתיים,drop,שכר והסכמי עבודה אינם קשורים לבינה מלאכותית
05.02.33,מעקב לתקציבי פיתוח,משרד האוצר,שירותי מטה ממשלתיים,ambiguous,מעקב תקציבי פיתוח עשוי לכלול AI
05.03.06,"אגף לקשרים בינ""ל",משרד האוצר,שירותי מטה כלל משקיים,ambiguous,"כותרת כללית, משרד רלוונטי"
05.03.07,משרד בניו יורק,משרד האוצר,שירותי מטה כלל משקיים,drop,משרד בניו יורק אינו קשור לבינה מלאכותית
05.03.08,המשרד בלוס אנג'לס,משרד האוצר,שירותי מטה כלל משקיים,drop,משרד בלוס אנג'לס אינו קשור לבינה מלאכותית
05.03.09,המשרד בשיקגו,משרד האוצר,שרותי מטה כלל משקיים,drop,משרד בשיקגו אינו קשור לבינה מלאכותית
05.03.10,נציגות ב-OECD פריז,משרד האוצר,שירותי מטה כלל משקיים,drop,נציגות OECD פריז אינה קשורה לבינה מלאכותית
05.03.11,נציגות בון,משרד האוצר,שירותי מטה כלל משקיים,drop,נציגות בון אינה קשורה לבינה מלאכותית
05.03.12,נציגות לונדון,משרד האוצר,שירותי מטה כלל משקיים,drop,נציגות לונדון אינה קשורה לבינה מלאכותית
05.03.14,רזרבות,משרד האוצר,שרותי מטה כלל משקיים,ambiguous,"רזרבות כלליות, משרד רלוונטי"
05.03.15,השתתפויות,משרד האוצר,שרותי מטה כלל משקיים,ambiguous,"כותרת כללית, משרד רלוונטי"
05.03.16,מינהל הכנסות המדינה,משרד האוצר,שירותי מטה כלל משקיים,drop,מינהל הכנסות המדינה אינו קשור לבינה מלאכותית
05.03.20,אגף שוק ההון ביטוח,משרד האוצר,שירותי מטה כלל משקיים,drop,שוק ההון וביטוח אינם קשורים לבינה מלאכותית
05.03.21,רזרבה להתייקרויות,משרד האוצר,שירותי מטה כלל משקיים,ambiguous,"רזרבה כללית, משרד רלוונטי"
05.03.23,השתתפות משרדי ממשלה,משרד האוצר,שרותי מטה כלל משקיים,ambiguous,"כותרת כללית, משרד רלוונטי"
05.06.01,מינהל הרכב לכח אדם,משרד האוצר,שירותי עזר למשרדי ממשלה,drop,מינהל רכב וכוח אדם אינו קשור לבינה מלאכותית
05.06.02,טפול ברכב,משרד האוצר,שירותי עזר למשרדי ממשלה,drop,טיפול ברכב אינו קשור לבינה מלאכותית
05.06.03,השתתפות בהוצאות מנהליות,משרד האוצר,שרותי עזר למשרדי ממשלה,ambiguous,"כותרת כללית, משרד רלוונטי"
05.06.04,השכרת רכב,משרד האוצר,שירותי עזר למשרדי ממשלה,drop,השכרת רכב אינה קשורה לבינה מלאכותית
05.06.08,לשכת הפרסום,משרד האוצר,שרותי עזר למשרדי ממשלה,drop,לשכת הפרסום אינה קשורה לבינה מלאכותית
05.08.01,רזרבה לפעולות משרד,משרד האוצר,רזרבה לפעולות משרד,ambiguous,"רזרבה כללית, משרד רלוונטי"
05.10.10,ניהול ומטה,משרד האוצר,שירות עיבודים ממוכנים,ambiguous,"כותרת כללית, משרד רלוונטי"
05.10.11,תפעול היחידה - כח אדם,משרד האוצר,שירות עיבודים ממוכנים,ambiguous,"כותרת כללית, משרד רלוונטי"
05.10.12,יחידת המחשב הוצאות,משרד האוצר,שירות עיבודים ממוכנים,ambiguous,יחידת מחשב עשויה לכלול AI
05.10.13,אמרכלות,משרד האוצר,שירות עיבודים ממוכנים,ambiguous,"כותרת כללית, משרד רלוונטי"
05.10.15,רזרבה להתייקרויות,משרד האוצר,שירות עיבודים ממוכנים,ambiguous,"רזרבה כללית, משרד רלוונטי"
05.10.16,השתתפות והכנסות,משרד האוצר,"שע""מ",ambiguous,"כותרת כללית, משרד רלוונטי"
05.51.01,מטה משרד האוצר,משרד האוצר,משרד האוצר ראשי,ambiguous,"כותרת כללית, משרד רלוונטי"
05.51.02,אגף התקציבים,משרד האוצר,משרד האוצר ראשי,ambiguous,"כותרת כללית, משרד רלוונטי"
05.51.04,החשב הכללי,משרד האוצר,משרד האוצר ראשי,ambiguous,"כותרת כללית, משרד רלוונטי"
05.51.05,"שוק ההון, ביטוח וחסכון",משרד האוצר,משרד האוצר ראשי,drop,שוק ההון וביטוח אינם קשורים לבינה מלאכותית
05.51.06,שכר והסכמי עבודה,משרד האוצר,משרד האוצר ראשי,drop,שכר והסכמי עבודה אינם קשורים לבינה מלאכותית
05.51.07,"מחקר, כלכלה והכנסות",משרד האוצר,משרד האוצר ראשי,ambiguous,מחקר כלכלה והכנסות עשוי לכלול AI
05.51.08,"פעולות בחו""ל",משרד האוצר,משרד האוצר ראשי,ambiguous,"כותרת כללית, משרד רלוונטי"
05.51.09,הלשכה לפיצויים אישיים,משרד האוצר,משרד האוצר ראשי,drop,פיצויים אישיים אינם קשורים לבינה מלאכותית
05.51.10,התקשוב הממשלתי,משרד האוצר,משרד האוצר ראשי,ambiguous,תקשוב ממשלתי עשוי לכלול AI
05.51.11,מנהל הדיור והרכש,משרד האוצר,משרד האוצר ראשי,drop,דיור ורכש אינם קשורים לבינה מלאכותית
05.51.12,רשות החברות הממשלתיות,משרד האוצר,משרד האוצר ראשי,drop,רשות חברות ממשלתיות אינה קשורה לבינה מלאכותית
05.51.13,מנהל הרכב הממשלתי,משרד האוצר,משרד האוצר ראשי,drop,מנהל רכב ממשלתי אינו קשור לבינה מלאכותית
05.53.01,רזרבה,משרד האוצר,רזרבה למשרד האוצר,ambiguous,"רזרבה כללית, משרד רלוונטי"
05.99.99,חשבון מעבר,משרד האוצר,חשבון מעבר,ambiguous,חשבון מעבר כללי
19.01.01,שירותים מרכזיים,"משרד המדע והחלל, התרבות",מינהל ושירותים כלליים,ambiguous,"כותרת כללית, משרד רלוונטי"
19.01.02,אמרכלות,"משרד המדע והחלל, התרבות",מינהל ושירותים כלליים,ambiguous,"כותרת כללית, משרד רלוונטי"
19.01.03,מחשוב,"משרד המדע והחלל, התרבות",מינהל ושירותים כלליים,ambiguous,מחשוב עשוי לכלול AI
19.01.04,מינהל ושרותים כלליים-,"משרד המדע, התרבות",מינהל ושירותים כלליים,ambiguous,"כותרת כללית, משרד רלוונטי"
19.01.05,"היל""ה",משרד המדע התרבות,מינהל ושירותים כלליים,ambiguous,שם תוכנית לא ברור
19.02.01,קשרים בינלאומיים והסברה,"משרד המדע, התרבות",קידום קשרים בינלאומיים,ambiguous,"כותרת כללית, משרד רלוונטי"
19.02.02,פרויקט לווין מדעי,משרד המדע התרבות,קידום קשרים בינלאומיים,drop,פרויקט לווין מדעי אינו קשור לבינה מלאכותית
19.02.05,"תוכנית המו""פ של האיחוד","משרד המדע, התרבות",קידום קשרים בינלאומיים,ambiguous,"תוכנית מו""פ עשויה לכלול AI"
19.03.01,"מחקרים בינ""ל","משרד המדע, התרבות",מחקרים ופרוייקטים,ambiguous,מחקרים בינלאומיים עשויים לכלול AI
19.03.02,מדע וקהילה,"משרד המדע, התרבות",מחקרים ופרוייקטים,ambiguous,"כותרת כללית, משרד רלוונטי"
19.03.03,קליטת מדענים עולים,"משרד המדע, התרבות",מחקרים ופרוייקטים,drop,קליטת מדענים עולים אינה קשורה לבינה מלאכותית
19.04.01,קידום קשרים בינלאומיים,"משרד המדע והחלל, התרבות",מינהל מדע,ambiguous,"כותרת כללית, משרד רלוונטי"
19.04.02,"מחקרים, פרוייקטים","משרד המדע והחלל, התרבות",מינהל מדע,ambiguous,מחקרים ופרויקטים עשויים לכלול AI
19.04.03,תשתיות מדעיות,"משרד המדע והחלל, התרבות",מינהל מדע,ambiguous,תשתיות מדעיות עשויות לכלול AI
19.04.04,המועצה הלאומית למחקר,"משרד המדע והחלל, התרבות",מינהל מדע,ambiguous,מועצה לאומית למחקר עשויה לכלול AI
19.05.01,פיתוח תשתיות מדעיות,"משרד המדע, התרבות",תשתיות מדעיות,ambiguous,פיתוח תשתיות מדעיות עשוי לכלול AI
19.05.04,תפעול ועדות וסקרים,"משרד המדע, התרבות",תשתיות מדעיות,ambiguous,"כותרת כללית, משרד רלוונטי"
19.05.05,סוכנות החלל הישראלית,"משרד המדע, התרבות",תשתיות מדעיות,drop,סוכנות החלל הישראלית אינה קשורה לבינה מלאכותית
19.07.01,רזרבה,"משרד המדע והחלל, התרבות",רזרבה,ambiguous,"רזרבה כללית, משרד רלוונטי"
19.22.01,עובדי משרד,"משרד המדע, התרבות",אמרכלות ועובדי משרד,ambiguous,"כותרת כללית, משרד רלוונטי"
19.40.01,פעילות משרד המדע,"מדע, תרבות וספורט",משרד המדע,ambiguous,פעילות משרד המדע עשויה לכלול AI
19.40.02,מחקר תשתיתי,"מדע, תרבות וספורט",משרד המדע,ambiguous,מחקר תשתיתי עשוי לכלול AI
19.40.03,פעילות בינלאומית,"משרד המדע והחלל, התרבות",מנהל מדע,ambiguous,"כותרת כללית, משרד רלוונטי"
19.40.04,המועצה הלאומית למחקר,"מדע, תרבות וספורט",משרד המדע,ambiguous,מועצה לאומית למחקר עשויה לכלול AI
19.40.05,להבה- לצמצום הפער,"משרד המדע והחלל, התרבות",מנהל מדע,ambiguous,שם תוכנית לא ברור
19.41.01,שכר,"מדע, תרבות וספורט",מטה המשרדים,ambiguous,"כותרת כללית, משרד רלוונטי"
19.41.02,תפעול,"מדע, תרבות וספורט",מטה המשרדים,ambiguous,"כותרת כללית, משרד רלוונטי"
19.41.03,מרכז הסברה,"מדע, תרבות וספורט",מטה המשרדים,drop,מרכז הסברה אינו קשור לבינה מלאכותית
19.44.01,רזרבות פיסקאליות,"מדע, תרבות וספורט",רזרבות פיסקאליות,ambiguous,"רזרבות כלליות, משרד רלוונטי"
19.44.02,רזרבה לעמידה בכלל,"משרד המדע והחלל, התרבות",רזרבות פיסקאליות,ambiguous,"רזרבה כללית, משרד רלוונטי"
19.99.99,חשבון מעבר,"מדע, תרבות וספורט",חשבוןמעבר,ambiguous,חשבון מעבר כללי
21.01.01,מינהל הועדה לתכנון,השכלה גבוהה,תחום פעולה כללי,ambiguous,"כותרת כללית, משרד רלוונטי"
21.02.01,השתתפות בתקציבי,השכלה גבוהה,השתתפות בתקציב המוסדות,ambiguous,"כותרת כללית, משרד רלוונטי"
21.02.02,השתתפות בתקציבי מוסדות,השכלה גבוהה,השתתפות בתקציב המוסדות,ambiguous,"כותרת כללית, משרד רלוונטי"
21.03.01,פעולות מחקר שונות,השכלה גבוהה,השתתפות בפעולות,ambiguous,פעולות מחקר שונות עשויות לכלול AI
21.03.02,הקרן הלאומית למדע,השכלה גבוהה,השתתפות בפעולות,ambiguous,קרן לאומית למדע עשויה לכלול AI
21.03.04,מכינות קדם אקדמיות,השכלה גבוהה,השתתפות בפעולות,drop,מכינות קדם אקדמיות אינן קשורות לבינה מלאכותית
21.03.07,מרכז הסיוע לסטודנטים,השכלה גבוהה,השתתפות בפעולות,drop,מרכז סיוע לסטודנטים אינו קשור לבינה מלאכותית
21.04.01,השתתפות בתוכנית גלעדי,השכלה גבוהה,פעולות עם משרדים,ambiguous,שם תוכנית לא ברור
21.04.10,השתתפות בתקציב,השכלה גבוהה,פעולות עם משרדים,ambiguous,"כותרת כללית, משרד רלוונטי"
21.04.12,השתתפות בהוראת חשבונאות,השכלה גבוהה,פעולות עם משרדים,drop,הוראת חשבונאות אינה קשורה לבינה מלאכותית
21.05.01,רזרבה להתייקרויות,השכלה גבוהה,רזרבה להתייקרויות,ambiguous,"רזרבה כללית, משרד רלוונטי"
21.06.01,מענקים לפיתוח מוסדות,השכלה גבוהה,פיתוח מוסדות להשכלה,ambiguous,מענקים לפיתוח מוסדות עשויים לכלול AI
21.06.03,"מינהל ות""ת",השכלה גבוהה,פיתוח מוסדות להשכלה,ambiguous,שם גוף לא ברור
21.10.01,"מנהל מל""ג/ות""ת",ההשכלה הגבוהה,מטה,ambiguous,שם גוף לא ברור
21.11.01,השכלה גבוהה,ההשכלה הגבוהה,השכלה גבוהה,ambiguous,השכלה גבוהה עשויה לכלול AI
21.11.02,סיוע לסטודנטים,ההשכלה הגבוהה,השכלה גבוהה,drop,סיוע לסטודנטים אינו קשור לבינה מלאכותית
21.11.03,השתתפות בקרנות וארגוני,ההשכלה הגבוהה,השכלה גבוהה,ambiguous,"כותרת כללית, משרד רלוונטי"
21.12.01,רזרבה,ההשכלה הגבוהה,רזרבה,ambiguous,"רזרבה כללית, משרד רלוונטי"
38.02.01,"מענקי מחקר ופיתוח עפ""י",תמיכות בענפי המשק,מחקר ופיתוח תעשייתי,keep,מענקי מחקר ופיתוח רלוונטיים לבינה מלאכותית
38.02.02,"מענקים לשלבי מו""פ",תמיכות בענפי המשק,מחקר ופיתוח תעשייתי,keep,"מענקי מו""פ רלוונטיים לבינה מלאכותית"
38.02.03,"תשתיות מו""פ ומכוני מחקר",תמיכות בענפי המשק,מחקר ופיתוח תעשייתי,ambiguous,"תשתיות מו""פ ומכוני מחקר עשויים לכלול AI"
38.02.04,"מו""פ בין לאומי",תמיכות בענפי המשק,מחקר ופיתוח תעשייתי,keep,"מו""פ בינלאומי רלוונטי לבינה מלאכותית"
38.02.05,בדיקת פרויקטים ומנהלות,תמיכות בענפי המשק,מחקר ופיתוח תעשייתי,ambiguous,"בדיקת פרויקטים ומנהלות מו""פ"
38.02.06,תוכניות סיוע אחרות,תמיכות בענפי המשק,מחקר ופיתוח תעשייתי,ambiguous,"תוכניות סיוע אחרות בתחום המו""פ"
38.02.15,רזרבה להתיקרויות,תמיכות בענפי המשק,מחקר ופיתוח תעשייתי,ambiguous,"רזרבה להתייקרויות בתחום המו""פ"
38.04.01,פתוח שווקים ליצוא ידע,תמיכות בענפי המשק,פעולות שונות לפיתוח,ambiguous,פיתוח שווקים ליצוא ידע עשוי לכלול AI
38.04.04,"תמיכות בשיווק לחו""ל",תמיכות בענפי המשק,פעולות שונות לפיתוח,drop,"שיווק לחו""ל אינו קשור לבינה מלאכותית"
38.04.06,מטה לקידום עסקים,תמיכות בענפי המשק,פעולות שונות לפיתוח,ambiguous,"כותרת כללית, משרד רלוונטי"
38.04.08,רשות לשיתוף פעולה,תמיכות בענפי המשק,פעולות שונות לפיתוח,ambiguous,"כותרת כללית, משרד רלוונטי"
38.07.01,תמיכה בפעולות גופים,תמיכות בענפי המשק,תמיכות בגופים המקדמים,ambiguous,"כותרת כללית, משרד רלוונטי"
38.09.01,פעולות בתחום התקינה,תמיכות בענפי המשק,תקינה,ambiguous,תקינה עשויה לכלול תקני AI
38.09.02,המעבדה הלאומית לפיזיקה,תמיכות בענפי המשק,תקינה,drop,מעבדה לאומית לפיזיקה אינה קשורה לבינה מלאכותית
38.13.01,כלים משלימים לחוק עידוד,תמיכות בענפי המשק,תמיכה בתעשייה,ambiguous,"כותרת כללית, לא ברורה"
38.13.02,הכשרת כח אדם,תמיכות בענפי המשק,תמיכה בתעשייה,ambiguous,הכשרת כוח אדם עשויה לכלול AI
38.13.03,טיפול ממוקד,תמיכות בענפי המשק,תמיכה בתעשייה,ambiguous,"כותרת כללית, לא ברורה"
38.13.04,"נע""מ - אז""ת",תמיכות בענפי המשק,תמיכה בתעשייה,ambiguous,שם תוכנית לא ברור
38.13.05,תמיכות אחרות,תמיכות בענפי המשק,תמיכה בתעשייה,ambiguous,"כותרת כללית, משרד רלוונטי"
38.14.01,הערכות התעשייה לחשיפה,תמיכות בענפי המשק,תקציב להערכות התעשייה,ambiguous,"כותרת כללית, לא ברורה"
38.17.01,עתודות לתעשייה,תמיכות בענפי המשק,עתודות התעשייה,ambiguous,"רזרבות כלליות, משרד רלוונטי"
38.17.02,עתודות למדען הראשי,תמיכות בענפי המשק,עתודות התעשייה,ambiguous,עתודות למדען הראשי עשויות לכלול AI
38.17.13,מנהלות אזוריות משותפות,תמיכות בענפי המשק,מנהלות אזוריות משותפות,ambiguous,"כותרת כללית, משרד רלוונטי"
38.20.01,רזרבה להתיקרויות,תמיכות בענפי המשק,רזרבות,ambiguous,"רזרבות כלליות, משרד רלוונטי"
38.20.02,רזרבה לתמיכה בתעשיה,תמיכות בענפי המשק,רזרבות,ambiguous,"רזרבות כלליות, משרד רלוונטי"
38.21.01,השתתפויות,תמיכות בענפי המשק,השתתפויות,ambiguous,"כותרת כללית, משרד רלוונטי"
38.23.01,רזרבה להוצאות ביטחון,תמיכות בענפי המשק,רזרבות מיוחדות,drop,הוצאות ביטחון אינן קשורות לבינה מלאכותית
38.30.01,הפעלת הרשות לחדשנות,כלכלה ותעשייה,המדען הראשי,keep,הרשות לחדשנות עוסקת בבינה מלאכותית
38.30.02,מענקי מחקר ופיתוח,כלכלה ותעשייה,המדען הראשי,keep,מענקי מחקר ופיתוח רלוונטיים לבינה מלאכותית
38.30.03,"תשתיות מו""פ",תמיכות בענפי המשק,המדען הראשי,ambiguous,"תשתית מו""פ יכולה לכלול AI."
38.30.04,"מו""פ בין-לאומי",כלכלה ותעשייה,המדען הראשי,ambiguous,"מו""פ בינלאומי יכול לכלול AI."
38.30.10,רזרבה,כלכלה ותעשייה,המדען הראשי,ambiguous,"כותרת גנרית, יכולה לכלול AI."
38.40.01,קידום השקעות ועידוד,כלכלה ותעשייה,עידוד המגזר העסקי,ambiguous,קידום השקעות יכול לכלול AI.
38.40.02,מסלולי תמיכה מינהליים,תמיכות בענפי המשק,עידוד המגזר העסקי,ambiguous,"כותרת גנרית, יכולה לכלול AI."
38.40.03,עסקים קטנים ובינוניים,תמיכות בענפי המשק,עידוד המגזר העסקי,drop,"תמיכה בעסקים קטנים, לא נושא AI."
38.40.04,קידום הייצוא ועידוד,כלכלה ותעשייה,עידוד המגזר העסקי,drop,"קידום ייצוא כללי, לא נושא AI."
38.40.09,פעולות כלליות לקידום,כלכלה ותעשייה,עידוד המגזר העסקי,ambiguous,"כותרת גנרית, יכולה לכלול AI."
38.50.01,"תקינה, איכות והסמכה",תמיכות בענפי המשק,תמיכות בגופים ציבוריים,drop,"תקינה כללית, לא נושא AI."
38.70.01,שכר,כלכלה ותעשייה,שכר ותפעול המשרד,ambiguous,"כותרת גנרית, יכולה לכלול AI."
38.70.02,תפעול,כלכלה ותעשייה,שכר ותפעול המשרד,ambiguous,"כותרת גנרית, יכולה לכלול AI."
38.80.01,רזרבה,כלכלה ותעשייה,רזרבה,ambiguous,"כותרת גנרית, יכולה לכלול AI."
38.90.01,שכר ופעולות,כלכלה ותעשייה,רשות הרגולציה,ambiguous,"כותרת גנרית, רגולציה יכולה לכלול AI."
38.99.99,חשבון מעבר,כלכלה ותעשייה,חשבון מעבר,ambiguous,"כותרת גנרית, יכולה לכלול AI."
76.01.01,רכישת ציוד,תעשיה,פיתוח התעשייה,ambiguous,רכישת ציוד יכולה לכלול ציוד AI.
76.01.02,השקעה ממשלתית בהון,תעשיה,פיתוח התעשיה,ambiguous,השקעה ממשלתית יכולה לכלול AI.
76.01.05,השקעות במחשוב,תעשיה,פיתוח התעשייה,ambiguous,"מחשוב רחב מ-AI, אך יכול לכלול."
76.01.09,פיתוח אזורי תעשייה,תעשיה,פיתוח התעשייה,drop,"פיתוח אזורי תעשייה, לא נושא AI."
76.01.10,פיתוח אזורי תעשייה,תעשיה,פיתוח התעשייה,drop,"פיתוח אזורי תעשייה, לא נושא AI."
76.01.11,התוכנית לחיזוק חיפה,תעשיה,פיתוח התעשייה,drop,"תוכנית פיתוח אזורית, לא נושא AI."
76.01.15,הלואות לתעשיה,תעשיה,פיתוח התעשיה,drop,"הלוואות כלליות לתעשייה, לא נושא AI."
76.01.18,העברת יחידות המשרד,תעשיה,פיתוח התעשייה,drop,"פעולה אדמיניסטרטיבית, לא נושא AI."
76.01.21,רזרבה להתייקרויות,תעשיה,פיתוח התעשייה,ambiguous,"כותרת גנרית, יכולה לכלול AI."
76.10.01,השקעה בפיתוח תשתיות,תעשייה,השקעה בפיתוח תשתיות,ambiguous,"תשתיות רחבות מ-AI, אך יכולות לכלול."
76.80.01,רזרבה,תעשייה,רזרבה,ambiguous,"כותרת גנרית, יכולה לכלול AI."
89.04.01,רזרבות להתייקרויות,מפעלי משרד ראש הממשלה,רזרבות להתייקרויות,ambiguous,"כותרת גנרית, יכולה לכלול AI."
89.50.01,רזרבות,מפעלי משרד ראש הממשלה,רזרבה,ambiguous,"כותרת גנרית, יכולה לכלול AI."
89.69.99,חשבון מעבר,"מפעלי משרד ראה""מ והאוצר",חשבון מעבר,ambiguous,"כותרת גנרית, יכולה לכלול AI."
89.72.04,אגפי יצור,מפעלי משרד ראש הממשלה,מכירות,drop,"אגפי ייצור כלליים, לא נושא AI."
89.72.05,עבודות חוץ,מפעלי משרד ראש הממשלה,מכירות,drop,"עבודות חוץ כלליות, לא נושא AI."
89.72.07,יציאות  ממחסנים,מפעלי משרד ראש הממשלה,מכירות,drop,"פעילות לוגיסטית, לא נושא AI."
89.75.01,הכנסות שונות,מפעלי משרד ראש הממשלה,הכנסות שונות,drop,"הכנסות שונות, לא נושא AI."
